{"cameraMode":{"drawMode":0,"name":"Shaded","section":"Shading Mode"},"sceneLighting":true,"audioPlay":false,"sceneViewState":{"m_AlwaysRefresh":false,"showFog":true,"showSkybox":true,"showFlares":true,"showImageEffects":true,"showParticleSystems":true,"showVisualEffectGraphs":true,"m_FxEnabled":false},"in2DMode":false,"pivot":{"x":-0.09000001847743988,"y":0.4099999666213989,"z":2.9000000953674318},"rotation":{"x":0.2471746951341629,"y":0.2441742867231369,"z":-0.06450148671865463,"w":0.9355038404464722},"size":3.5660250186920168,"orthographic":false}